"Title","Description","Company","Location","Salary","URL"
"Programmer Analyst","The successful candidate will provide services in all areas of application and reporting development work, including business requirements, analysis, and design…","LoanAway Inc","Mississauga, ON","$90,000 - $115,000 a year","indeed.ca/pagead/clk?mo=r&ad=-6NYlbfkN0BxNyC2WB9NqG2K6GdNqcTxpH7-StKsgjvAHaToKEpLIGpbJxAKH4XWrs3cFiXe1YWoy6mulZaQV8dvx8fxts1CwGxK-POZKl6WE1bBUWGNYA_vXlxc34XniDr6lDYhJ-5Tf0QkBjGiSrJC6JkEL6A9MdZkJtAhV4jBCA6_K4wiesSs8_-QZmpZqmYkfHjdyqpt8RtcG13xX-ZYab8MDxsI3jwkEChrzIGZznPvcrzL0vrDJYRCp0fftqKWC_JhtZPrQei67AW04PLuL66IqT7XquYwJrc6G9dmIPSR044C8BYrj4L7xiElS7eftj4k3y1Psz56Cvu_QzV1cA8Pg56zcdAiTgRTk-jZCtIRgYRPUBBoc8O9mgl3B11maWz2nR8zdyELEldqbukdIXb-Rcj40F4THO4Q923pW2emSQbuFThcVlm4H-UtvD8V0iEEwAQA_UCuXWcKti25it8PGrkv&p=0&fvj=1&vjs=3"
"Software Engineer","Interpretation of requirements and existing interface and design specifications.
Writing and updating design specification.","Aversan Inc","Mississauga, ON•Remote","$56 an hour","indeed.ca/pagead/clk?mo=r&ad=-6NYlbfkN0C2wKKtwdvetqTYuX5a1hPF6rKbuNN7opLgCOlpP4zus_a3vVMePEZNBKbEm7LypFIuWUZMRp_txPKCZa_pgNHUFdRkDr27V-8NZU1eAKcTH7tycmtpEYc1MvMgLZqPU1TJzyUC0zZTD2iWoDe01AsJIYj4n6a0Bd1OtbbxA5hBYA8It4pzeQueQ8MQkb2nu_RoMSCu_V0sk7PbQMIx37vCAqUMibEgCtiNGIZeUSsNldqeS1BJ0dDQDIHK4X-Ccs4OVeazapNJar7EBixKB7AKCsb8huXToCv0TVQDs-OdAjMxBDzN0VOsWVLF7U6PlA23JWZNQfl9qy5ckmogmjK5QaDIFSxqG3mboAgxN3vUd9qdfgTGJp1cIy6JROEVUkvgfdp8WpgIPccw1Dfy6ct0wLjTuZZJAd854W_G6AoFhMK02puByRuYxr2FiWEy_WOWEmOEkFsqVEPDgWsjN1Qu&p=1&fvj=1&vjs=3"
"Systems Integration Specialist","Design develop software integration mesh between Sales and Manufacturing.
Evaluate current software processes and define opportunities for improvement.","NETWORTH","Halton Hills, ON","$60,000 - $80,000 a year","indeed.ca/pagead/clk?mo=r&ad=-6NYlbfkN0Cxhd_ealL3-2JkqPlAYGpuZVZ_hu_cnRDcfVFvKvm4EOuPQfPpcGU-ccA1AITikN_60ntE1O5Pkg-agMKugoylsqUllGKFCpR4BAO_mHrYyR2U_KON-Chs5VH-zuDTj0YSbwiSwfhliNqCaVHlvd5_diNY4akNBZ65C7_sEgmmnRGf22C6l8saX7BTt8KGVIliSoWZ5qXRpvPBoVPWsoE0go-BhlBSkmNCfzUuBgv79C2md-BvUpIZrWt0H6BsvYNimnH75QRXhLYSqhC7murjXjh8qoyQgO-a2MZMqgAmiyztRScAZaeqvNWS3mK58GBc9npa8NUwrPNGqbFVrTfZWrh0NglVQmqYLAYTfXS6AR0KUdz-k1KxE1PxFa4YQI38Soe55JOSDBciAv5FoQ9XBIt0yhwxe1LrGqZNbMGOX6bZOEpzDrj9bmcDgUQKuDieM1nUbrAAoXbjENcCRUaAnxQv1jmRFhQ=&p=2&fvj=1&vjs=3"
"Junior Javascript Developer","Support the development of web products,.
Perform enhancements and modifications on the applications.
3+ years in web development.
HTML5, CSS3 and SASS/LESS.","EFLYN","Mississauga, ON",,"indeed.ca/pagead/clk?mo=r&ad=-6NYlbfkN0BaYUcS-l1wab46kR7hy80imy7FkQHqKkG-CUKB179CZkyhPtsGeZXcVG2dnTAJhep2A3Ql7tKvRKOAA6thHTwjSvCn809l4FuCeoqS5jXPL6kehPbNvqwiFHiP-eqD_aQDoni9CDT2HvIw3TPelhYn1hQxToy79QtS0NL4a_ArCgEMKsLZ4n7v1BE99hoZoVZZGwJPZQqX4edUAWvJDe8BpslTraZ43qAuZIWPwrHfJZfDAzrWBAfyT7TrWn7Zr2H5y6yQS8qV7j8wdC0NLwvbnQAjbOQLlbaGw75zYax3Dwbb_9_X3EG7j96UqmSh9ldH1FXuzb9H_ubfMF6RYj0ky49QIOt5MAXHAP6JlVDu3ogo5_OT-UoO8-o8flaCNFFJV_6bU3W978ADSlIghPqhH93QIOlgjQdQnE8Lwco1L7t6_feaE50qU2TLzAqvkAIghb_XEGMNTFPsvUu6zP2hj0okC4aW3cM=&p=3&fvj=1&vjs=3"
"Software Test Engineer","Need strong Testng, Selenium, Java Coding experience.
* Bachelors or Masters in CS or related degrees..
* Minimum of 6+ years with Master or 8+ years with…","iPartner Staffing","Brampton, ON•Remote","$46,082 - $113,058 a year","indeed.ca/pagead/clk?mo=r&ad=-6NYlbfkN0B-EimVQqTc2tFIV6vuu5Q2yMpllFPYuV8Iz2jCwgQfkw-l4YPp5GzHKH7Tz3sIsloYyQabja_CCqrZ4qOiu3IcRfiNH7tNUKobSYg6d7jdWG9JH_yIrEus4H6If2sq5jDaG9gP0qPXt9ZxR1PMML4Ljz6jk1bAWkueTfEYsN4aCZwrDfkrvquEXy6PxX_06DiNTgSnq02zBZU6y3sFKszxlDiu66Bq2EjVBvj96Az7nAyjtctHU8NklvMy5HTwXd9u1itJ_cHfi2y48J2RgUUGBhLU1vQWHx1wN2WS8hC3knelwIdH7U8YYoEoTq0bsJUWNH9w7Vgy0d8zBXp0F0WkD_YyRa7AclADWcdz2yu0AYf1SMreN-S76XjUAUc2igL8obU1dnWCL2btIur_dOD1lYJn57NHXBtaVcos2G7eNaCctb90MM1bO2f-IioUpzmRSVk4XvZJ6o5NGb9pDTSOCKUM6vZuFx74SLzzErlxkA==&p=4&fvj=1&vjs=3"
"UiPath RPA Developer (Immediate start)","We specialize in delivering your assets, on time and on budget.
Analysis and design of processes from an automation approach.
Fluency in English is a must.","Charger Logistics Inc.","Brampton, ON",,"indeed.ca/pagead/clk?mo=r&ad=-6NYlbfkN0BsyhvYFi3H2irsOj65cl6qkrkDRq3BEycnQpskUrt93FJkHXvoDsnPqfmw6ggvJ6OfjlSjPYaN9bCed2fgIcd-rrrFD3FB09leL_hYb28kj0vxV7F6qKUqUviowfjqjn0GoNsEgcMQBlMkXGVKMkGzFk1otOC0FXONfwaSq8CXespziFQnvATywj4dGVMD_461ZsZt2f1F4yGAcP9UhhZ85hVzhQupj-F1_lGWE9K5LARyMuc5wxWZfGw7eHMEe1RL2df7wS1-aWRNhtkwABt7iw5CtmCuw5-jvxxhMezkeUwEvIlByBIExel4peatBryr3fT8-siiPIfKvYIeHVbctNLJpyWVNe1fHqta5GNhN3pY77qB5iU3bwD2fI65-TKhQ0EeluLiBAf7O7ajNwpsLY7wh3przyDvOc_bF_noDl3u22X0NG5_kALZxREMdmzn7M_vXw69kCiuBHVvGeYT5Pk_paVYQwtem1gRrWo9V1BY3oQ5p0qD&p=5&fvj=1&vjs=3"
"Java Developer (Hybrid)","Temporarily remote due to COVID-19 regulations*.
As the Java Developer, you'll be a blend between a full-stack developer and a business systems analyst.","Canon Canada","Brampton, ON•Temporarily Remote",,"indeed.ca/pagead/clk?mo=r&ad=-6NYlbfkN0CiwBsQESNzV3IigGDo4D6O3v_XTHBz4yNpLF07K0ls6HTkrsISP9KKeZetmUBuNDXkwrLtAjpH9VOW3qCYkQU3-zArO1T8DOpqm1ZliUEOIqCzNK86_R8jXeHq2grYVxMxolPJSNrQVPJcm6BEJGJ9UaTyaq9jvbevZx6jsZ7QFjP7lNwpFPSEycives9LyPaKVtgeGtkhjRPPPbiCPaHViw9zY0qKLT3HzI6a0JRsmqO5TJ5k-xkR780FH8g5trCyA8jcl4t1mYpqRVEugcssPP3k_TqmK9fErAD0e9owvG0sG7Uy2OEkfXxEJjUiryalS2Rf_a3s-kV7Q5J5ZkhdTEOp1hK_KJ8vinnIkcW17SOyEuPJhOwtbtx_pO5B7lXn_anboQx5YiIYxwX0kte-E1gLj8gV3Cfakyz464moxJ5WdPHmUoMYBV1douWcfRosCUwdE0ge2NPTokDUZHKbfy66bQFyga79kQA0sNJzK80ijr8iC7OtY41ggu0dI7vdjp6PUBPNVAkGW6Fng4z-Oo15YVL6k7EbjcGdFvj-rMmBaFhmpBUcJcUQl_Gko-GqYvrnNCwatw==&p=6&fvj=0&vjs=3"
"Intermediate Web Developer","Meeting our customer’s needs means to be constantly challenging our employees with an entirely new and exciting way to work.
Net Web Forms and MVC frameworks.","Abell Pest Control Inc.","Etobicoke, ON",,"indeed.ca/pagead/clk?mo=r&ad=-6NYlbfkN0CyTbis2GgAuQvcJ9YI6RsAFnA8k_N1vnvFUIe7D5SERCv2o3OTWA1O_N8UmnktBtmVeBjVGzZjHACaFgUXrEUPq0Tpe-6mqh-s_GbTi-KdAy9KxzjktdyTq-YpAj_jvAvEWpMQ5IB-vYBGTQgGSetnl6V_soS6mLhzq5GXy7euMTpAyMp_WwsbAys98ZH3M4yTpm7MZGZe88mMU901khnu8D2875HGSUJaqu5jZw8B5_NAvfluXOlhdhiJu58-y0wcniYv9b3Zle1J83uK-SjNnqXLUWZkTTb74TYlegKVWMqYMgtZe12-Vs-uDUVyvRs_9NFuXPmDjmoe9gbwu4gbBpBRmtN2M2IlxQPujRLrNmoDC09CQNreW6OxYqBwySxBObQYJ_d4nZ383gEfnNG-qBhF0gmGTguNRtO8QhS8A8aHiY1AeSpIaC_Cc7rhPz5Xjzn2GXMxwKiRDMNMzUIrPGFZd24EVzwTblgx-hnOcLRWIgmjY7sBiGC_5NhrOCV4sSm1ArqA_QpShOLK-90XAul9jwLVv0pUG-c_avCCEtLmarFZtUlTUR6FZnO2KXmZ8IXxADITPxwGZqu81SeKV3Z2p1G9sNHNdasELeqsbz3JIKL5rjUuOXMiOUSbD0QlBCl_HHpz5ka3_el2x3qsQ9roASzs0MxIRJll6BlEC99NevL75d4oGq1F2Fazhdahi5wFkSreAA==&p=7&fvj=0&vjs=3"
"Software Engineer ( 2173)","Design, develop, test modules with software application.
Collect, document & implement new feature and functions, perform unit testing.","Shorewise Consulting LLC","Mississauga, ON•Temporarily Remote","$46.15 an hour","indeed.ca/pagead/clk?mo=r&ad=-6NYlbfkN0Am6l6nBXpfoHpj8nqXBgWZeTtB9_DbNpRkhjTthhQkQpyuExdg5a59cvOlXSkSiKy6k0KyuNNCriujNfSHxa4vCLYFtmiqqy9stbJTy8bAotbZl9z2AQqWyGbUMa4qGJFw7Y-uTnHkSJGPh0YSLR-EcUIKSph8bAcUu0A9XpkmLmAzi2JEEsx5Q8Ws858SXW3uweK4LuH1D4TGOCwD8TiX_rbeaRMFVTSrWtx7OmEwTub5I-KD3qksFMKrkwvjHrrW2K9egSlCkl9feMPf3DJ7M12czifVCWxwyuMIK0Q9tyBVasy1Rnz2fYTDseM-6Ew5kfiY7161gU2MeT3M0Z58vgS8b4TGSezDweRYXluFO754FQYzFcf8rT95I09O0EfyjGzI_PcW3rOFhXFfnFRBtSUlA9R37f3Zeiuz5FeeJAhFuk195JeZsfCc-1Xzcph9MVzluEIcplJy7rfBOurFbRYTNr8bz7uwrni5HiTioQ==&p=8&fvj=1&vjs=3"
"Software Developer, SmartVU","This role will be responsible for the development and support of the graphical user interface used by Survalent’s SmartVU Application.","Survalent","Brampton, ON•Remote",,"indeed.ca/pagead/clk?mo=r&ad=-6NYlbfkN0Acnv2mlUAHxqYRpudJ_loJ56rt_99B6IeG0TJxwnmBWPmz6tYIucBIvgX6hwvD7JGRm2SamPgiZSvf2BwSTsAqgbLRhXItWuA-qlO3nWrjPAMQiZaTdc7HQ9bn7F8NGWYEsy0kRxtchsWyeOVp88DqG5j1L4Um9NHEXQJZzin2B42Qi67a4QpzoEgwk7gXIuHgxrHtemMnR9ZYEHSyX4mUl0A_zyprfeA_jwyJ9XsGG2ItQJ7MwfBNlsGLN-W3bYlaeEHZZKO38Hf5Xoqcj0TFmjMgws1ot4zKVZtQGkAJDXuKYMk6hDkpGSOAaOjUtdA9ir4aCRL6NOvdPRCLbIMzlsTs7_NqoZO9Q3XBbldsP-fcaODCETguSTUMjPmeFrhfRHmr161Mz9RlJ-Je-USOpHU14jRBqwePwv3M1HOPggPJKP0kFM1KIEIkvQm6JKKeT9aWSBllEsOz3R4ehKcj_NokTYnhoHB6YlM4OKH0tzwQVbDBrLRrNHuk8ON1S0Xr-USUGSucJQ==&p=9&fvj=0&vjs=3"
"Junior Software Developer","In this role, you'll be building exciting new features, complex interfaces, and making important technical and product decisions.","Mosaic","Canada•Remote",,"indeed.ca/pagead/clk?mo=r&ad=-6NYlbfkN0DwpplGws0eCtCh3_O_xHEipPEkem39p_MiYAglpsMKvORHwbwIJeQQKSjZNPySYUjEnL6vDN_o7eSnLmRjbiCYxupJDkp5ofnUjG-EGOnk0w5UKIM9cnFNpnOH6oxYVK8r83dkI0yzWQCzp9wd3WXj8hXnseq5siGbSMA7FlPR__hMh_sSKpLW85qTSNvHEsmB1vvPh925jDbVIvbF3gnfAgaKwOl-3P6M--p0O_bhufyzyMnSFu4PsguL6Qus7IGfb2z6RvyHU-4VcAfX3nzboQF47n_1NdAMmYSKBtpgaQy2Axv3RYl4eb3iePrgIXqD2YoHw91VlpIrSHVI1Pr8pHSQDL69IVnyYw2Io1NIpeQT1vdpVa6lgS_xWQF2RssBM71cTrPKT57XFcg3JmLAvzMJd8CHhk1_NOmPGEDG2XZm9hzGXQUqA0jOqdwepOJ4KIl8leAI4H06D5d2Ti1GeIgn9AlT8B8=&p=10&fvj=1&vjs=3"
"Front End Developer","We want to continue to do our part to help end this pandemic, protect our employees and those vacationing with us, and to support the travel industry’s full…","Sunwing Travel Group","Toronto, ON",,"indeed.ca/rc/clk?jk=e7418fcd1ed453b9&fccid=91254ae858952bc7&vjs=3"
"Senior UI Developer (Minimum 9 years of experience required)","10+ years of relevant experience (financial services preferred).
Proven hands on experience developing modern web applications with Angular (at least 4+ yrs of…","DISYS","Mississauga, ON•Temporarily Remote","$60 - $80 an hour","indeed.ca/pagead/clk?mo=r&ad=-6NYlbfkN0BTYkY06FZEdAAtNWO-eDAfNklmfZymsMF6eFRONl7rAMN5x_2sHrqXfWPo9rHDxSMlelxVeIyjMhp4TVa74EpJM640VijxU0-EPPtaDjxGhaosAZjYHr6rsh850Ap2xeeshsrlRXN3puXPrP5n1LPHQrKB1KiK59OlBG-aE7fj4z47UDqDCF9XjIcVpwkiDf1vnQBx-QyOWcQuAsZeTvyZNRTp_gpoekfv61lZvgC9CQPzgfisV70uVwl38JxhiLATMTMKVOwFsmd2s8y3gVNwcZWNmA5Lt3MSAZqxaxkAwRP1w8v33b4zqN_gk7PkC0bGt3tR7et66lZ4SIbaE2SCGfO2xf9SI43Vl4_r_fXpdLam_vAqbOsV_IXelUM3IkB9U9yt7zripY5Ek4yjLL_0P1iadQrHRGVHj-aQX-OXp_77TDrJ6PyxJlvRMDCws63tUbuv3MfMwCqic8B1cvNV71OwL0ygPB6d_FBMrmNrHg==&p=12&fvj=1&vjs=3"
"Junior .NET Software Engineer (new grads are encouraged to a...","That includes building use of Cloud Azure environment, development on open source NOP commerce platform, use of tools and frameworks such as MVC, Angular, ASP…","Finastra","Mississauga, ON",,"indeed.ca/rc/clk?jk=d53c0c46584b2b9e&fccid=1f9d0530a51ff611&vjs=3"
"Product Developer","Working within a cross functional team, assist with the sustainable development of new products that adhere to the corporate and local laws and guidelines.","Dr. Oetker","Mississauga, ON",,"indeed.ca/rc/clk?jk=f31d39956b8ead98&fccid=89e6da6608d77c53&vjs=3"
"engineer, software","Collect and document user's requirements and develop logical and physical specifications.
Research, evaluate and synthesize technical information to design,…","Sagar Associates","Brampton, ON•Remote","$45 an hour","indeed.ca/rc/clk?jk=e912a7ddb1f8a924&fccid=0d3904b443bbb4a5&vjs=3"
"Informatica developer","Qualification : Bachelors in science , engineering or equivalent.
Understand the project scope, identify activities/ tasks, task level estimates, schedule,…","Cognizant Technology Solutions","Mississauga, ON",,"indeed.ca/rc/clk?jk=fd3afcfd479d2f2e&fccid=2df6a1e69a70a1e7&vjs=3"
"Software Developer","The Company: * As part of Generate Life Sciences, Insception Lifebank is Canada's largest and most experienced cord blood program.","Insception Biosciences Inc.","Mississauga, ON","$75,000 - $90,000 a year","indeed.ca/company/Insception-Biosciences-Inc./jobs/Software-Developer-1d5cf5f39b303fc8?fccid=c431b4b4f254d9b1&vjs=3"
"Software Engineer Intern","Loblaw Technology gives you the chance to excel, and helps you to strive for success in a big way.
Work with development teams and product managers to ideate…","Loblaw Companies Limited","Brampton, ON",,"indeed.ca/rc/clk?jk=070c4754d4343a97&fccid=bc30630cfcc120d4&vjs=3"
"ServiceNow Developer","The ServiceNow Developer is responsible for building new and enhancing existing solutions on the ServiceNow platform.","Canadian Tire","Brampton, ON",,"indeed.ca/rc/clk?jk=3286b89a301b29fb&fccid=2e16043297423070&vjs=3"
"Junior Software Developer, Winter 2022 (Co-op/Internship) -...","Understands that the success of a developer is to understand the core business processes of the business unit and business requirements as well as the…","BMO Financial Group","Mississauga, ON",,"indeed.ca/rc/clk?jk=8c4b2ed60735f4b3&fccid=3a429036b3725efa&vjs=3"
"software developer","Write, modify, integrate and test software code.
Identify and communicate technical problems, processes and solutions.","Sialka Cloud Solutions","Mississauga, ON","$38.50 an hour","indeed.ca/rc/clk?jk=f1cdcbcbc77cda3c&fccid=321d7609ff1eda63&vjs=3"
"Programmer Analyst","'Understand functional and non functional application security requirements.
Raise queries and seek clarification.
Participate in code peer review as required.","Cognizant Technology Solutions","Mississauga, ON",,"indeed.ca/rc/clk?jk=a2c9d767e69172ac&fccid=2df6a1e69a70a1e7&vjs=3"
"Web developer","View all Virtual Xcellence Canada Inc. jobs - Mississauga jobs
Salary Search: Web developer salaries in Mississauga, ON","Virtual Xcellence Canada Inc.","Mississauga, ON","$35.50 an hour","indeed.ca/rc/clk?jk=a16e8da6977c2867&fccid=206cc9fafb39f94b&vjs=3"
"Software Developer I","The successful candidate will work toward the common goal of delivering innovative new technologies to ensure BlackBerry IVY delivers on its vision.","BlackBerry","Mississauga, ON",,"indeed.ca/rc/clk?jk=f0324c6b0e75bb0c&fccid=a311d3f78a9495c2&vjs=3"
"Web developer","Research and evaluate a variety of interactive media software products.
Prepare mock-ups and storyboards.
Consult with clients to develop and document Website…","Homelife G1 Realty Inc","Brampton, ON","$43.50 - $45.00 an hour","indeed.ca/rc/clk?jk=87be3e8e6345eee5&fccid=655142a99a931bae&vjs=3"
"Jr. Full Stack JavaScript developer","Job Type: Full time, permanent.
We're looking for 2 Junior FullStack developers to mentor and grow into superstars.
You know some JavaScript basics.","Plexxis Software","Brampton, ON",,"indeed.ca/rc/clk?jk=9d68409f59bc2c62&fccid=80c218d792b08eeb&vjs=3"
"software developer","Write, modify, integrate and test software code.
Identify and communicate technical problems, processes and solutions.
Website creation and management software.","Interpreter & Translator Networks Inc.","Brampton, ON","$40 an hour","indeed.ca/rc/clk?jk=672f7a8e53988974&fccid=dd616958bd9ddc12&vjs=3"
"software developer","Write, modify, integrate and test software code.
Identify and communicate technical problems, processes and solutions.","PARTS AVATAR INVESTMENTS INC","Mississauga, ON•Remote","$80,000 a year","indeed.ca/rc/clk?jk=95003b7bf4eb7496&fccid=652ac15a2bbca960&vjs=3"
"Product Developer","Develop cosmetic and skincare items that meet the needs and requirements of Orchard and our customers.
Source and vet vendors compatible with production and…","Orchard Custom Beauty","Mississauga, ON•Temporarily Remote",,"indeed.ca/company/Orchard-Custom-Beauty/jobs/Product-Developer-8cce8a4afe216181?fccid=158a4e499b17093b&vjs=3"
"computer programmer","Write, modify, integrate and test software code.
Identify and communicate technical problems, processes and solutions.
Mapping and data visualization software.","KANMAN LOGISTICS INC.","Brampton, ON","$40 an hour","indeed.ca/rc/clk?jk=6cab2b2732b7d382&fccid=25d773c561c4cbcf&vjs=3"
"Dot Net Developer","NET project development using C#, HTML, Webform, JavaScript, SQL, strong communication skill and team player.
Job Types: Full-time, Part-time, Contract.","Leafcom Corporation","Mississauga, ON•Remote","$45 an hour","indeed.ca/company/Leafcom-Corporation/jobs/Dot-Net-Developer-d3349dd84393692a?fccid=e21c45e113b12296&vjs=3"
"ETL Developer","Should have strong skills on ETL design patterns and data architecture, UNIX and?
Oracle, DB2, Teradata, Netezza, SQL Server ?","Cognizant Technology Solutions","Mississauga, ON",,"indeed.ca/rc/clk?jk=b76ef29770e69958&fccid=2df6a1e69a70a1e7&vjs=3"
".NET Developer","NET Developer . This position will interface with key stakeholders and apply technical proficiency across different stages of the Software Development Life…","Infosys","Mississauga, ON",,"indeed.ca/rc/clk?jk=9c462b85dc7431d9&fccid=c67533a523c83a4c&vjs=3"
"Warehouse Associ